age_group,avg_salary,avg_ewins,avg_diff,num_players,cost_per_ewin
19-22,5196256.089108911,1.4642873861386139,368035.9782178218,101,3548658
23-25,8601005.93006993,2.0766524402797204,-709726.6570069931,143,4141764
26-28,14761083.39,2.9263368896,-3641003.20952,100,5044218
29-31,17839029.92857143,2.8244489183,-7106124.039031429,70,6315932
32-35,15365881.195652174,1.6574479369565218,-9067579.035217391,46,9270807
36+,17517593.2,2.445428615,-8224964.4629999995,20,7163404
