pos_text,avg_salary,avg_ewins,avg_diff,num_players,cost_per_ewin
SF,9578344.138613861,1.9582176179207922,-2137117.1905148514,101,4891358
C,11091905.726415094,2.352009136320755,-2154271.0083962264,106,4715927
SG,10666304.51923077,2.239233623076923,-2157216.7515384615,104,4763372
PG,13894079.97368421,2.8487934681842106,-3068664.7945842105,76,4877180
PF,13208473.47311828,1.9566108268817202,-5773352.330967742,93,6750690
